"RegionID","RegionName","SizeRank","1996-04","1996-05","1996-06","1996-07","1996-08","1996-09","1996-10","1996-11","1996-12","1997-01","1997-02","1997-03","1997-04","1997-05","1997-06","1997-07","1997-08","1997-09","1997-10","1997-11","1997-12","1998-01","1998-02","1998-03","1998-04","1998-05","1998-06","1998-07","1998-08","1998-09","1998-10","1998-11","1998-12","1999-01","1999-02","1999-03","1999-04","1999-05","1999-06","1999-07","1999-08","1999-09","1999-10","1999-11","1999-12","2000-01","2000-02","2000-03","2000-04","2000-05","2000-06","2000-07","2000-08","2000-09","2000-10","2000-11","2000-12","2001-01","2001-02","2001-03","2001-04","2001-05","2001-06","2001-07","2001-08","2001-09","2001-10","2001-11","2001-12","2002-01","2002-02","2002-03","2002-04","2002-05","2002-06","2002-07","2002-08","2002-09","2002-10","2002-11","2002-12","2003-01","2003-02","2003-03","2003-04","2003-05","2003-06","2003-07","2003-08","2003-09","2003-10","2003-11","2003-12","2004-01","2004-02","2004-03","2004-04","2004-05","2004-06","2004-07","2004-08","2004-09","2004-10","2004-11","2004-12","2005-01","2005-02","2005-03","2005-04","2005-05","2005-06","2005-07","2005-08","2005-09","2005-10","2005-11","2005-12","2006-01","2006-02","2006-03","2006-04","2006-05","2006-06","2006-07","2006-08","2006-09","2006-10","2006-11","2006-12","2007-01","2007-02","2007-03","2007-04","2007-05","2007-06","2007-07","2007-08","2007-09","2007-10","2007-11","2007-12","2008-01","2008-02","2008-03","2008-04","2008-05","2008-06","2008-07","2008-08","2008-09","2008-10","2008-11","2008-12","2009-01","2009-02","2009-03","2009-04","2009-05","2009-06","2009-07","2009-08","2009-09","2009-10","2009-11","2009-12","2010-01","2010-02","2010-03","2010-04","2010-05","2010-06","2010-07","2010-08","2010-09","2010-10","2010-11","2010-12","2011-01","2011-02","2011-03","2011-04","2011-05","2011-06","2011-07","2011-08","2011-09","2011-10","2011-11","2011-12","2012-01","2012-02","2012-03","2012-04","2012-05","2012-06","2012-07","2012-08","2012-09","2012-10","2012-11","2012-12","2013-01","2013-02","2013-03","2013-04","2013-05","2013-06","2013-07","2013-08","2013-09","2013-10","2013-11","2013-12","2014-01","2014-02","2014-03","2014-04","2014-05","2014-06","2014-07","2014-08","2014-09","2014-10","2014-11","2014-12","2015-01","2015-02","2015-03","2015-04","2015-05","2015-06","2015-07","2015-08","2015-09","2015-10","2015-11","2015-12","2016-01","2016-02","2016-03","2016-04","2016-05","2016-06","2016-07","2016-08","2016-09","2016-10","2016-11","2016-12","2017-01","2017-02","2017-03","2017-04","2017-05","2017-06","2017-07","2017-08","2017-09","2017-10","2017-11","2017-12","2018-01","2018-02","2018-03","2018-04","2018-05","2018-06","2018-07","2018-08","2018-09","2018-10","2018-11","2018-12","2019-01"
9,"California",1,268300,267700,267200,266900,266900,267300,267800,268600,269800,271100,272300,273300,274500,275800,277400,279000,280800,282600,284400,286300,288400,290500,292600,294400,296300,298300,300400,302600,304900,307300,309700,312300,315100,318100,321100,324100,327100,330200,333300,336400,339600,342800,346400,350400,354800,359600,364300,368700,373100,377300,381300,385100,388900,392700,396500,400500,404700,408800,412700,416500,419900,423200,426300,429400,432300,435300,438400,441500,444800,448200,451800,455500,459300,463400,467700,472300,477100,482100,487400,492900,498400,503900,509500,515300,521500,528000,535100,542700,550500,558800,567500,576600,586200,596400,607100,618700,631400,644700,658400,671700,684300,696000,706900,717000,726800,736500,745800,755100,764400,772900,780900,788100,794200,799500,804000,807500,810500,813200,815500,817200,818200,818400,817600,815600,812300,808700,805200,801600,798100,795000,791200,786200,780500,774400,767900,760700,752400,743900,735000,725500,715300,705000,693700,681400,668500,656500,645600,636500,629000,622900,617200,611800,607000,602700,597800,591500,584400,577000,571000,568000,567300,567600,568700,570300,571700,572200,572700,573100,574000,574700,573900,571000,568200,565100,561500,557500,553400,549100,545400,542400,539800,537400,535200,533200,531100,528400,526300,525400,524500,523400,524100,527000,531000,535500,540400,545600,550300,555100,560500,566700,573000,579300,586200,594900,605300,616100,626800,636000,643600,649800,654300,657400,660600,664300,668200,672200,675400,677900,680100,682100,683700,685600,688000,690900,693800,697400,701800,706000,709900,713900,718100,721500,724400,728200,731700,734800,738700,742900,745400,747500,749800,752200,754400,757400,761000,764800,768400,772200,776100,780400,784200,787700,790900,794000,797500,801100,804400,808000,812100,816100,820400,827000,833700,837200,838500,841000,843800,845600,847000,847900,848600,849800,850700,851000
54,"Texas",2,261900,261100,260400,259700,259300,259000,258600,258100,257100,255700,254100,252800,252300,252600,253700,255300,257200,259400,261800,264400,267300,270000,272100,273100,273200,272500,271400,270300,269800,270400,272200,275600,280800,286700,292400,297200,300800,302900,303800,303800,303400,302900,302800,303500,305000,307300,310000,312300,313600,313500,312200,310100,307800,305400,303200,301200,299600,298400,297600,297000,296700,296700,296800,296700,296200,295200,293600,291700,289600,287500,285700,284400,283800,284200,285100,286500,287700,288700,289300,289300,288700,287900,287000,286200,285600,285300,285200,285300,285400,285700,285900,286200,286600,287300,288500,290100,292200,294400,296500,298700,300900,303100,305200,307200,309100,310700,312100,313300,314500,315600,316800,317900,319100,320200,321500,322800,324300,326000,327500,329000,330400,331500,332600,333700,335000,336300,337800,339200,340500,341400,342100,342600,342900,343000,343000,343100,343100,343400,343800,344300,344600,344200,343400,342200,340600,338600,336800,335300,334100,333100,331900,330500,328800,326800,324800,323200,321800,320500,319400,318300,317200,316300,315600,314800,314400,314900,314800,313800,313200,313200,312700,312200,311800,311400,310800,309900,308800,308200,308100,308100,307800,307800,308100,308400,308500,308600,308900,309300,309900,310500,311400,312300,313000,313700,314100,314400,314900,315400,315800,316500,317100,317500,318100,319200,320800,322400,324500,327300,330000,332700,335300,338100,340600,343100,345600,348300,351000,353600,356900,360200,362900,365000,367100,369300,371800,373500,374800,376500,379000,381400,383300,385400,387600,389600,391000,392100,393000,393900,395100,396900,398800,400800,402700,403800,404600,405700,406900,407900,408700,409300,410200,411500,413300,414600,415600,416500,417800,419600,421100,421700,421900,422900,424900,426400,427100,428900,431000,431700,431400,431100,431600,433400,435800,437700
43,"New York",3,144700,144300,143900,143500,143100,142900,142700,142600,142700,143000,143200,143300,143400,143500,143600,143700,143900,144100,144400,144700,145200,145600,146000,146200,146400,146700,147100,147600,148200,148800,149600,150400,151200,152100,153000,153800,154700,155700,156900,158200,159400,160600,161600,162600,163700,165000,166400,167800,169200,170600,171900,173000,174000,175100,176200,177500,178900,180400,182000,183500,184900,186300,187800,189200,190700,192300,194000,196000,198100,200200,202400,204800,207300,209900,212700,215700,218700,221700,224800,227900,231000,233900,236600,239100,241700,244100,246400,248500,250300,252000,253400,254600,255900,257500,259500,261800,264500,267200,270200,273300,276500,279600,282700,285500,288200,290900,293200,295400,297500,299500,301400,303400,305300,307400,309500,311600,313600,315500,317100,318500,319700,320700,321600,322300,322900,323600,324500,325300,326200,327200,327900,328500,329000,329300,329300,329100,328700,328000,327100,325800,324300,322800,321300,319600,317900,316100,314200,312200,310000,307600,305400,303200,301200,299600,298000,296400,294700,292700,290700,289500,288900,288700,288700,288900,289000,288400,288700,289000,288500,287700,287300,286600,285400,283900,282700,281800,280600,279300,277400,275300,274100,273700,273400,272800,271900,271200,270300,269300,268500,268100,267400,266900,266700,266500,265900,265400,265300,265800,265900,266000,266500,267100,267400,268300,269400,270500,271700,272800,273800,274300,274800,275400,275700,276100,276800,277600,277900,277900,277700,277900,278000,278400,279100,279600,279700,280200,281000,281200,281500,282000,282800,283500,284800,285900,286900,287300,287600,287500,287500,288000,289200,290200,291100,292300,293200,293800,294400,295200,296500,298000,299300,300800,302200,303800,305800,307900,309400,310700,311900,313300,315100,317400,319800,321500,322500,323700,324800,325700,326600,327400,328500,329800,331200,332400
14,"Florida",4,200100,200600,201400,202300,203300,204300,205000,205500,205700,205700,205400,205100,204900,205000,205400,206000,206900,207800,208800,209800,211000,212100,213100,213900,214600,215400,216100,216800,217600,218600,219600,220800,222100,223400,224800,226000,227200,228600,230100,231700,233200,234600,236100,237600,239300,241000,242700,244200,245600,246900,248100,249500,250900,252500,254400,256500,258900,261400,264000,266300,268600,270600,272600,274400,276200,277900,279700,281500,283400,285400,287300,289000,290700,292400,294200,296200,298500,301000,303700,306700,309600,312500,315300,318300,321200,324000,326800,329600,332300,335100,338100,341200,344600,348100,351700,355700,360000,365000,370600,376800,383300,390100,397100,404000,411100,418500,426200,434700,444000,453600,463100,472400,481100,489200,496700,503700,510800,518000,524700,531300,538000,543800,548400,551800,553900,554900,555100,554500,553700,553200,552000,550400,548900,546800,543400,538900,533400,527400,520900,513900,506600,499400,491300,482600,474300,466300,458100,450100,442400,435100,427900,420800,414100,408200,401700,394500,387600,380500,373600,368700,365500,363300,361900,361000,359800,357000,357100,356900,353500,349500,348100,345400,341900,338400,335500,333000,330500,328000,325500,323800,323200,322800,322300,322700,323400,324200,325100,325900,326300,326700,326700,326800,327700,329200,329800,330300,331000,331400,331500,332100,333600,335500,337700,340000,342400,345100,348000,350800,353600,356200,358400,360700,362800,364800,366900,369300,371400,373600,375700,377800,379500,380900,381800,382400,383200,384200,385100,386600,388900,391500,393600,395500,397300,399100,401000,403100,405000,407000,409200,411500,413900,416200,418300,420400,422500,424900,428000,431300,434200,436300,437400,438700,440600,442300,443200,444000,445100,446200,447000,447400,448300,450900,454400,456900,458900,461200,463200,464800,465400,466200,467800,469600,471300,473100
21,"Illinois",5,260700,261900,262700,263100,263000,262500,261600,260300,259200,258400,257200,255700,254200,252700,251000,248900,246600,244500,243000,242300,242800,244400,246300,248400,251100,254300,258100,262300,266700,271100,275200,278600,281400,283700,285000,285500,286000,286500,287300,288400,289900,291700,293900,296500,299700,303500,307100,310400,313800,317100,320400,323500,326600,329500,332400,335100,337800,340400,342500,344100,345400,346600,347600,348800,350100,351600,353300,355000,357000,359100,361300,363700,366100,368600,371100,373600,376100,378500,380800,383100,385400,387600,389800,392100,394400,396400,398100,399700,401400,403300,405300,407600,410100,412900,415700,418600,421700,425100,428900,433100,437300,441500,445500,449200,452700,455900,459100,462300,465900,469700,473700,477800,481800,485600,489300,492800,496200,499400,502200,504700,507200,509300,510900,512300,513600,515000,516600,518000,519600,521400,522500,523000,523200,522900,522000,521100,520100,519100,518000,516300,513800,511100,507700,504300,501200,498100,494300,490100,485400,480900,477200,473600,469700,466400,462700,458100,452900,447300,441600,437100,433800,431300,429700,428800,427800,425500,426000,426200,423000,419200,417700,414500,411200,407700,403500,400400,398300,397400,396600,394600,391900,389800,387000,384600,383200,382100,380500,378300,377400,375700,372400,370800,372300,374200,376300,378200,379500,380300,381000,381400,381500,381700,382000,383600,386500,389500,393200,398000,401400,403500,405100,405700,405500,405800,406600,407500,409000,411200,413300,414900,416000,416300,415800,415800,415900,415700,415500,416700,418100,418400,418300,418500,418700,419500,420900,422000,422600,423000,423600,424300,425300,426400,426500,425400,424800,425200,426400,428200,429600,429700,429400,429500,430400,431500,432200,433000,434700,436800,439100,440500,440800,442100,444600,445900,445800,445500,444900,444500,444000,443000,442300,442300,443000,444800
47,"Pennsylvania",6,146700,146400,146300,146300,146500,146900,147400,147900,148600,149200,149800,150200,150600,150900,151100,151300,151500,151700,151800,151900,151900,151900,151900,151900,151900,152000,152200,152400,152700,153000,153400,153900,154600,155400,156400,157300,158100,158900,159500,159900,160100,160100,160100,160300,160700,161300,162200,163200,164300,165500,166700,168000,169200,170300,171500,172600,173700,174900,176100,177100,178100,179000,179800,180700,181600,182700,183800,185000,186300,187600,188900,190200,191500,192800,194200,195700,197400,199300,201300,203500,205700,207500,208900,210400,212100,214200,216500,219200,221900,224500,227000,229400,231500,233600,235800,238100,240500,242800,245000,247100,249300,251500,253800,256100,258600,261400,264300,267400,270400,273300,276000,278700,281100,283400,285800,288000,290000,291600,293000,294400,295600,296900,298200,299400,300400,301200,302000,302600,303100,303700,304100,304300,304600,304800,304900,305000,305000,304900,304500,303900,303100,302300,301300,300200,299100,297800,296400,295100,294000,293000,292100,291300,290500,289900,289400,288700,287800,286800,285500,284300,283200,282300,281600,281000,280600,280300,280400,280500,280400,280300,280100,279200,278000,277000,275800,274300,273300,272500,271700,271000,270300,269400,268800,268300,267500,266400,266000,265800,265600,265100,264600,264300,264200,263700,263400,263400,263500,263800,264200,264900,265500,265700,265800,265900,266200,267000,267700,268300,269100,270100,270200,270200,270600,271300,271600,271900,272600,273300,274000,274600,275500,276100,276900,277700,278200,278200,278600,279000,279500,280200,281500,282800,284000,284800,285800,286300,286700,287500,288300,288800,289300,290100,291100,292000,293000,294100,295400,296700,297900,299100,300200,301600,303300,305000,306600,308400,310100,311400,312000,312500,313500,315500,317700,319800,321500,322800,323700,324500,324900,325100,325800,326900,327600,327900
44,"Ohio",7,144100,144300,144500,144800,145100,145500,145900,146300,146700,147100,147700,148300,149100,150100,151100,152200,153300,154300,155200,155900,156400,156800,157100,157300,157500,157700,158100,158600,159300,160000,160800,161400,161900,162300,162500,162800,163100,163400,164000,164600,165300,166000,166800,167700,168600,169500,170500,171500,172300,173100,173700,174400,175000,175600,176300,177200,178100,179100,180200,181300,182400,183200,183800,184300,184700,184900,185100,185400,185700,186200,186700,187400,188200,188900,189500,190100,190600,191200,191800,192600,193600,194600,195500,196300,196900,197400,197900,198500,199300,200400,201500,202600,203600,204400,204900,205400,205900,206700,207600,208600,209500,210300,211100,211800,212400,212900,213200,213400,213500,213800,214300,214900,215500,216100,216700,217200,217400,217700,217900,218300,218800,219300,219700,219800,219800,219500,219300,219100,219000,219100,219100,219000,218800,218400,217700,216900,216200,215400,214500,213500,212600,211800,211000,210200,209500,208700,207800,206900,206000,205100,204300,203600,202900,202500,202000,201500,201000,200400,199500,198600,197900,197300,197000,196900,196800,196300,196500,196600,196500,196500,197000,197000,196700,196400,195900,194900,193900,193200,192300,191400,190600,189700,188800,188300,188400,188600,188600,188800,189200,189500,190200,191300,191900,192300,192900,193600,194000,194200,194600,195200,195900,196500,196600,196700,197300,198400,199400,200600,201700,202500,203200,204000,204700,205300,205700,206400,207200,208000,208700,209200,209400,209800,210200,210700,211300,212000,212800,213500,214300,215000,215700,217000,218400,219500,220500,221200,221800,222700,223700,224400,225300,226600,227900,228800,229600,230400,231300,232000,232700,233500,234800,236600,238200,239600,240700,241700,242600,243600,244800,246200,247100,247900,249300,250600,252000,253700,255100,256200,257400,258800,260600,262500,264400,266000
30,"Michigan",8,155600,156500,157300,158100,159000,160000,161100,162200,163500,165000,166400,167800,169100,170300,171500,172500,173500,174300,175000,175500,176000,176500,177200,177900,178800,179900,180900,182000,183100,184300,185400,186700,188200,189900,191700,193400,195200,197000,199000,200900,202800,204600,206300,208000,209800,211700,213800,216000,218300,220600,222900,225000,226900,228400,229600,230400,230900,231000,230900,230500,229800,228900,228100,227300,226600,226300,226300,226800,227800,229100,230900,232800,234700,236300,237700,239000,240000,241000,241800,242700,243300,243000,242000,240800,239900,239400,239300,239600,240200,241100,242200,243300,244200,245200,246200,247200,248200,249100,250100,251200,252400,253700,255100,256700,258500,260400,262200,263900,265400,266800,267900,268900,269600,270100,270500,270700,270800,271000,271300,271600,271800,272000,271900,271800,271400,270500,269500,268200,266800,265800,264700,263600,262500,261400,260000,258400,256600,254700,252800,250900,248900,247200,245200,243200,241300,239300,237100,234900,232600,230400,228300,226400,224600,223000,221400,219700,218000,216200,214300,212800,211500,210400,209700,209300,208800,207600,207800,208200,206800,205200,205200,205000,204900,204900,204600,204200,203800,203000,202400,202000,201900,202000,201400,200600,200500,201000,201700,202200,202800,203400,203700,203900,205100,207100,208500,209700,211000,212300,213700,215400,217100,218800,220200,221700,223800,225700,227400,229800,232500,234600,236000,237200,238800,240800,242500,244000,245500,247400,249500,251700,253300,254000,254700,255900,257300,258800,260100,261400,262600,263800,265300,266600,267800,269100,270600,272000,273400,274400,275500,276900,278500,280000,281800,283600,284700,285700,286800,287600,288600,289800,291500,293600,295700,297700,299500,300300,300700,301600,303200,304700,305700,307000,309700,311900,313600,315900,318200,320300,322300,323700,324700,325900,327100,328700
16,"Georgia",9,205100,206300,207400,208500,209500,210400,211200,211900,212800,213600,214200,214500,214800,215100,215600,216100,216700,217200,217700,218100,218400,218900,219600,220400,221600,223000,224600,226200,227800,229400,231100,232800,234700,236700,238400,239800,241200,242600,244100,245800,247600,249500,251600,253700,256100,258600,260900,262900,264600,266100,267500,268800,270100,271500,272800,274300,275800,277400,278700,279800,280800,281700,282600,283700,284800,286100,287400,288800,290400,292200,294300,296300,298200,299700,300800,301600,302000,302300,302700,303500,304600,305900,307300,308400,309300,309700,310000,310300,310800,311500,312400,313000,313200,312900,312400,312300,312900,314200,316300,318900,321700,324500,327200,329600,331800,334100,336200,338300,340900,343600,346300,349200,352000,354700,357300,359700,361900,364100,366200,368400,370800,373400,375800,378100,380300,382300,384200,385900,387500,389200,390500,391600,392500,393000,392800,392500,392000,391300,390300,389000,387500,386200,384300,382400,380500,378100,374900,371200,367200,363200,359500,355800,352500,349700,346700,343500,340100,336300,332200,329200,327100,325500,323900,322500,321100,319100,319100,318500,315700,313300,313000,311500,309400,306900,304500,302500,300500,298600,296000,293600,292000,290500,288600,287100,285600,283800,282300,281300,280800,280600,279900,279500,279900,280900,282100,283500,285100,287400,289600,291600,293100,294400,296000,298200,300200,302100,304100,306100,307900,309900,311800,313500,315400,317100,318900,321200,323800,326300,328800,330900,332400,333300,334300,335500,336700,337400,338100,339200,340900,342400,343300,344100,345100,345900,346500,347100,347600,348400,349700,351500,353500,355600,357600,360100,362500,364600,366300,367800,369500,371500,373100,374600,376400,377900,378600,379100,380000,381100,381900,382700,384200,387000,390400,392800,394500,396200,397300,397700,397600,398300,400800,403500,405300,406700
36,"North Carolina",10,215000,216800,217900,218400,218400,218200,218300,218900,220400,223000,225900,228600,230900,232200,232700,232400,231100,229200,226500,223200,219500,216000,213000,210600,208800,207600,206700,206400,206700,207900,209600,211600,213600,215700,217500,219100,221200,223600,226400,229000,231200,232700,233600,233600,233100,232300,231000,229200,227700,227000,227500,229400,232300,235900,239700,243100,246400,249600,252500,254500,255600,255900,255600,255200,254800,254500,254600,255000,255700,257100,259300,261700,263700,265300,266400,267100,267800,268600,269500,271100,272700,273300,272900,272900,273500,274900,276700,278700,280600,282300,283900,285200,285900,286200,286200,286300,287000,288300,289900,291600,293300,295100,297100,299200,301200,303300,305200,307000,309000,311400,314400,317900,321900,325800,329700,333200,336800,340500,344200,348000,351800,355300,358400,361400,364300,367100,369700,371900,374000,376000,377400,378600,379900,381400,382900,384600,386100,387100,387500,387600,387700,388100,388300,388200,387900,387000,385400,383300,380700,378100,375700,373700,372400,371900,371700,371600,371300,370200,367900,365000,361900,359200,356700,354900,353500,351600,352100,353000,351500,349200,348100,346500,344800,342800,341000,339200,337100,335000,332400,329800,328400,327700,326900,326000,325300,324800,324700,324500,324500,325100,325300,325100,324800,324700,324600,324600,324600,324700,325400,326100,326600,326900,327500,328500,329800,331300,333000,335000,337200,339200,340800,342300,344000,345200,345600,346100,347400,349000,350300,351300,352200,353100,353600,354400,355600,357000,358200,359500,360600,362000,363300,364400,365100,365800,366500,367100,367800,368800,370100,372000,374400,376200,377500,379100,380800,381900,383000,384100,385000,386100,387800,389900,391500,392700,393400,394100,394800,395300,395700,396300,397400,399300,401800,403700,404900,405600,406300,407200,408400,410400,412900,415200,416900,418200
40,"New Jersey",11,295900,295900,296100,296200,296500,296800,297300,298000,299000,300200,301600,302700,303900,305000,306100,307100,308100,308900,309700,310500,311300,312200,312800,313200,313500,314000,314600,315400,316500,318000,320000,322400,325300,328600,331900,334800,337800,340600,343200,345800,348300,350800,353500,356300,359500,363100,366900,370700,375000,379600,384400,389600,395000,400500,406100,411700,417400,422800,428000,433000,437600,442100,446300,450200,454000,457700,461400,465300,469500,473800,478400,483100,488000,492800,497600,502500,507500,512700,518200,524200,530300,536600,542800,548800,554800,561000,567700,574700,581700,588100,593800,598700,603100,607400,611700,616100,620800,626000,632100,639000,646300,653900,661900,669800,677900,686100,694200,702500,711200,719400,726900,733500,739400,745100,750800,756400,762000,767100,771300,774900,778600,782000,784800,786800,787700,787700,786800,784900,782600,780900,779400,778300,777300,775700,773300,770800,768200,765700,762900,759900,757500,755700,753400,749900,745200,739200,732700,726800,722300,718600,715100,711700,709100,707300,705000,701600,697200,692000,685900,679000,671800,665400,660600,657800,656700,655800,657000,658100,655700,651000,648300,647900,648200,647900,647300,647700,644300,638500,631700,625300,621600,624400,629100,631400,632700,634900,637400,635700,630800,625200,622300,623500,628100,631100,631100,630300,629300,627500,625500,625300,628100,632000,634700,635100,635100,636300,638700,640300,641200,642200,643700,646400,650400,654600,656700,658800,660700,660500,659800,662300,664700,665700,666100,666900,668000,669800,671500,673400,674600,675100,675300,675900,676600,677200,677100,677400,677900,679400,682400,685500,686200,685000,684300,685500,688400,691200,692700,693300,694600,694000,692800,694900,700200,705600,710100,712600,715200,718500,721600,723400,726500,730000,731300,729700,730300,734300,738200,740600,743700,746200,748500,750500,751900,754200
56,"Virginia",12,221700,221700,221900,222300,222900,223800,224900,226200,227700,229000,230200,231000,231700,232200,232600,232800,233000,233200,233400,233900,234600,235600,236900,238400,240000,241700,243200,244700,246100,247300,248500,249500,250400,251200,251900,252600,253300,254200,255300,256600,258100,259800,261800,264100,266600,269300,272100,274700,277200,279500,281700,283900,286200,288500,290900,293300,295800,298400,300800,303200,305600,307900,310100,312400,314600,317000,319500,322200,324900,327800,330700,333500,336200,338700,341300,343900,346700,349600,352800,356300,360100,363700,367200,370600,373900,377300,380700,384100,387700,391500,395700,400100,404900,410000,415400,421100,427500,434700,442900,451900,461300,470500,479100,487000,494300,501400,508300,515800,524100,532600,540900,548800,555800,561700,566500,570300,573200,575700,577600,578900,579700,580000,579600,578700,577100,575300,573600,571900,570900,570700,570500,569900,569000,567500,565000,561900,558200,554400,550300,546000,541800,538200,534300,530000,525600,521100,516400,512200,508700,505900,503300,500800,498600,497100,494900,491900,488400,484600,481000,478700,477600,477200,477300,477700,477500,475800,476000,477000,476100,474500,474200,472600,470000,467700,465900,464200,462400,460300,457500,454900,453700,453600,453600,453600,453700,453100,452200,451900,451900,451700,451500,452300,453600,455000,456500,458400,459400,459900,460800,461900,463000,464400,466100,467700,469900,472300,474100,475800,478200,479800,480900,482300,484100,485300,486500,487700,489000,489600,489700,489700,490200,491100,491900,492400,492600,493200,493800,494400,495200,496400,497600,498500,499200,499900,500300,500400,501000,502100,503300,505200,507500,509200,510600,511600,512200,513500,514800,515600,516300,517900,519500,520700,521700,522800,524000,524900,525400,526400,527800,529000,529900,531600,533600,535500,536400,537300,538000,539200,540700,542100,543500,545200,547000,548600
59,"Washington",13,191500,191700,191900,192400,193000,193800,194800,196000,197300,198700,199900,201000,202000,203000,204000,205100,206200,207400,208600,209900,211300,212700,214200,215700,217400,219300,221400,223700,226100,228300,230300,232000,233400,234400,235300,236100,237000,238000,239100,240300,241600,243100,244700,246400,248300,250300,252400,254200,255900,257300,258500,259600,260600,261500,262500,263600,264900,266300,267800,269100,270200,271200,272100,272800,273600,274500,275500,276700,278000,279300,280400,281400,282000,282500,282900,283300,284000,284800,285900,287200,288700,290100,291400,292800,294300,295700,297200,298700,300100,301600,303300,305300,307600,310300,313200,316400,319900,323700,327700,331800,335800,339700,343600,347300,350900,354600,358300,362300,367000,372300,378200,384700,391300,397900,404200,410000,415400,420700,425400,430200,435300,440500,445500,450100,454200,457600,460300,462400,464300,466700,468600,470200,472100,473600,474200,474300,473900,472900,471400,469400,467400,465900,463400,460300,457300,454100,449900,445300,440500,436000,432000,428200,425100,422500,418700,413600,408500,403400,398400,394700,392300,390500,389100,388600,387600,384600,384200,384500,382100,378600,376800,373100,369900,367200,364800,362600,359900,357100,354100,351800,349300,347300,345400,344700,343900,342900,342100,341400,340800,340700,341000,341700,343200,344700,346600,348700,350600,352300,354000,355500,357300,359600,362200,365600,369900,374200,377600,380800,383400,385500,387200,389000,390100,391400,393000,395000,396600,398400,400700,403200,405300,407300,409400,411700,414500,417200,419400,422000,425900,429800,433100,437100,441500,445600,449400,452900,456500,460000,463800,468400,473300,477500,482000,486700,491100,495200,499600,504200,509100,514500,519700,524300,529800,536300,542000,546800,551300,555300,559300,563900,569200,575900,581800,584800,587500,592500,596600,597100,596500,597400,599000,599800,600800,602400
26,"Massachusetts",14,253200,254200,255100,256100,257100,258100,259200,260300,261600,263200,264600,265700,266800,268000,269200,270500,271700,273000,274500,276100,278100,280400,282500,284500,286600,288800,291100,293400,295700,297900,300100,302400,304900,307500,310100,312800,315900,319300,323200,327400,331800,336400,341000,345800,351100,356700,362300,367600,373000,378400,383900,389400,394800,400300,405800,411300,416900,422500,427800,432700,437400,441900,446300,450600,454600,458400,462200,465800,469400,473100,476700,480200,483800,487500,491300,495500,499700,504200,509000,514000,519000,523700,528000,532400,536500,540300,543900,547300,550600,554100,557800,561400,565200,569100,573100,577300,581800,586500,591400,596400,601300,606000,610600,614700,618500,622400,626000,629500,632600,635100,636900,638200,639000,639500,639600,639100,638100,637100,635800,634400,633000,631500,629300,626600,623600,620700,618000,615800,614300,613700,613300,612400,611400,610100,608400,606400,604500,602400,600000,597100,594000,591200,588100,584400,580500,577100,573800,570700,568000,565900,564000,562400,561200,560900,560300,558200,555200,551900,548500,546500,546200,546500,546900,547500,548100,547600,548500,550000,550000,549700,551000,551100,550800,550700,550000,548700,547200,544800,541400,540000,540300,540700,541100,541800,541200,539600,538300,537600,537500,537500,537100,536900,537400,538100,539500,542000,543500,544300,546200,548600,549500,549800,551700,555300,560100,564900,568700,571400,574100,577300,581300,584500,586300,588300,590700,592900,595600,598700,601500,603700,605500,606700,607300,609300,613000,616200,618200,620100,621700,623500,625500,627700,630500,633100,635000,636400,638000,640200,642300,644200,646300,648700,651200,653600,656500,659700,662600,665600,670100,675200,679700,683600,687400,691100,693800,696300,699500,704100,708700,712200,715100,720500,727700,732600,735800,739900,743100,744900,747400,749300,749900,751400,753900,756700
22,"Indiana",15,149900,148900,147900,147000,146400,146000,145900,146100,146300,146400,146500,146300,145900,145300,144700,144100,143700,143300,142800,142300,141600,140800,140100,139700,139700,140000,140500,141200,141900,142500,142900,143100,142900,142400,141800,141100,140500,140200,140200,140500,141100,141900,142700,143700,144600,145500,146500,147500,148400,149100,149700,150400,151100,151900,152800,153900,155100,156500,157900,159200,160500,161600,162600,163500,164300,164900,165400,165700,166000,166200,166400,166500,166600,166800,167100,167300,167700,168100,168600,169200,169700,170100,170400,170900,171400,171600,171600,171300,170800,170200,169700,169400,169300,169500,169700,170000,170600,171600,172800,173900,175000,175800,176400,177100,177900,179000,180300,181700,183000,184000,184900,185600,186300,187000,187800,188400,188900,189300,189500,189700,189900,190100,190400,190800,191200,191700,192100,192400,192600,192800,193100,193400,193800,194100,194300,194600,194900,195200,195600,195900,196400,196700,196700,196500,196200,195700,195000,194300,193700,193200,192600,192000,191600,191200,190800,190300,189800,189200,188500,187900,187500,187100,186800,186600,186200,185700,185800,186200,186200,186200,186600,186800,186800,186700,186700,186500,186200,186100,186000,185300,184600,184300,183900,183400,183200,183100,183200,183500,183700,183600,183700,183900,184100,184400,185000,185600,186300,186800,187000,187000,187300,187500,187300,187000,187200,187400,187600,187600,187700,187800,188000,188300,188700,189200,189900,190600,191200,191600,192100,192600,193000,193300,193700,194400,195400,196100,196400,197200,198300,199100,199800,200600,201500,202400,203000,203400,204000,205100,206400,207700,209000,210400,212000,213200,214000,214900,215900,216700,217500,218600,219900,221200,222700,224200,225300,226200,227400,228700,230000,230900,231400,232400,234000,235600,237300,239200,240800,243000,245400,247500,249900,252800,254900,256000
8,"Arizona",16,89200,89800,90300,90800,91300,91700,92100,92700,93300,93900,94600,95100,95600,96000,96400,96800,97100,97400,97800,98100,98500,99100,99500,99800,100000,100200,100300,100300,100400,100400,100500,100600,100900,101200,101600,101800,101900,102000,102100,102100,102100,102100,102100,102200,102400,102700,103100,103200,103400,103400,103500,103400,103400,103400,103500,103700,104000,104400,104900,105300,105600,105900,106200,106400,106600,106800,107100,107500,108200,109000,109800,110600,111300,111900,112300,112700,113000,113400,113800,114700,115700,116400,116700,117200,117600,118100,118400,118700,118900,119200,119400,119800,120200,120900,121900,123000,124100,125700,128000,130900,134200,137600,141000,144000,147000,150100,153800,158300,164100,170800,178300,186300,194100,201300,207800,213200,217500,221000,223500,225400,226600,227300,227400,226900,226100,225100,223700,222100,220200,218400,216100,213700,211300,208900,206700,204700,202500,200500,198900,197500,196300,195300,193900,192500,191000,189400,187500,185500,183400,181100,178500,175800,173200,170800,168200,165700,163700,162400,161000,159200,157500,156800,157100,157900,159100,159200,158400,157900,157700,156100,152900,149400,147300,145100,142900,140100,137400,135900,136100,134500,131600,128900,127800,126700,125600,124100,123300,123100,123300,123300,124100,125800,126600,126700,127100,127600,127400,127500,127600,127900,128100,128900,130200,132100,133400,134800,136700,139700,142800,145700,147600,148900,150000,150800,149900,149000,148800,148100,146300,143900,141400,139000,138200,138600,139400,139600,139100,138300,137900,138100,139200,140800,142600,144700,146200,146600,146500,146600,147100,148300,150000,152000,153700,155200,156500,157000,156800,156300,155400,154600,154300,154700,156400,159000,161100,162000,162200,162600,163400,164400,165300,165600,165000,164800,165500,167000,168300,169700,171300,172600,173100,172900,172900,173200
53,"Tennessee",17,236400,237600,238800,239900,240800,241500,242000,242400,242900,243500,244100,244600,245100,245800,246600,247500,248500,249500,250400,251100,251700,252500,253000,253300,253600,254000,254400,254800,255300,255800,256100,256200,256200,256000,255800,255700,256100,257100,258700,260700,262900,265300,267700,270100,272600,275200,277600,279500,281000,282100,282800,283400,283800,284200,284800,285500,286500,287800,289100,290000,290600,290700,290600,290200,289600,288900,288300,287500,286800,286300,286000,285800,285800,286000,286600,287400,288600,290100,291600,293500,295100,295800,295500,295200,294900,294800,295000,295500,296400,297400,298700,300200,301900,304100,306700,309600,312700,315700,318500,320700,322500,323900,325300,326600,328200,330200,332500,334900,337400,339800,342100,344600,347200,349900,352600,355000,357200,359300,361100,362500,363900,365300,366500,367900,369400,370900,372500,374000,375500,376900,377900,378500,378900,379300,379300,379400,379300,378600,377300,375500,373400,371700,370000,368500,367400,366700,365800,364800,363400,361900,360700,359600,358600,358100,357100,355400,353300,350900,348300,346400,345000,343900,343000,342300,341600,339600,339400,339900,338700,336800,336400,335400,333900,332200,330800,330200,329200,327900,326100,324800,324500,324400,324100,323500,322800,322100,321300,320500,319900,319700,320100,320900,321100,321300,320700,320300,320200,320200,320000,319500,319300,320100,320800,321200,322700,325400,328000,329800,331400,333300,335100,336600,338200,339500,340100,341100,342900,344400,345200,346100,347100,348000,349000,350500,351700,352400,353200,353700,353800,354200,355500,357200,358500,359700,361500,363600,365700,367600,369100,371000,373500,376000,378100,380200,383100,386100,388300,390100,391900,393700,395900,397900,399500,400400,401000,402100,404000,406000,407500,408700,410900,414300,417400,419400,421000,422700,424600,426700,428300,429700,432200,434300,435400,436600
32,"Missouri",18,169800,170000,170400,170800,171500,172100,172800,173700,174700,175900,177000,178300,179400,180500,181600,182500,183400,184100,184700,185200,185600,186100,186700,187400,188200,189000,189900,190800,191700,192400,192900,193300,193500,193600,193900,194200,194600,195100,195700,196600,197700,198900,200000,201000,202100,203100,204000,204900,205700,206400,207200,208000,208800,209700,210500,211400,212200,213000,213800,214600,215300,215800,216100,216100,215900,215500,215300,215300,215800,216600,217600,218600,219600,220700,221900,223000,224100,225100,226000,226700,227500,228500,229700,230800,231900,232700,233300,233700,234300,235400,237000,238900,240700,242100,242900,243700,244600,245600,246600,247700,248900,250200,251500,253000,254500,256100,257800,259600,261500,263400,265200,266900,268300,269500,270600,271500,272500,273400,274300,275100,275900,276700,277400,278100,278900,279500,280100,280700,281100,281600,281700,281800,281900,282000,282100,282500,283100,283400,283400,283000,282500,282000,281500,280900,280600,280200,279400,278800,278100,277500,277000,276600,276500,276600,276400,276100,275700,274900,274000,273300,272800,272000,271100,270400,270200,269400,269500,269200,267200,265000,264600,264400,264200,264200,264200,263700,262200,260900,260000,259100,258500,258900,259000,258500,257500,256900,256300,255500,254600,254200,254000,254700,255500,255800,256200,257100,258100,258600,259100,259800,260300,260600,260200,260200,261500,263300,264000,264300,264300,264100,264200,265100,265900,266600,267700,268800,269400,269400,268900,268100,267700,268400,269400,270400,271800,273300,274300,275200,276700,278000,279300,281100,283300,285000,286000,286800,287700,288500,289000,289500,290300,291900,294300,296400,297600,298700,300200,301500,302800,304000,305500,307100,308500,309500,309800,310400,312100,313800,314300,315000,316500,318700,321100,322600,323900,326100,328700,330300,331200,332100,333700,335700,337200,338500
60,"Wisconsin",19,132900,132800,132900,133100,133300,133700,134100,134500,134900,135400,135800,136100,136300,136400,136500,136600,136700,136900,137200,137600,138000,138500,139100,139600,140100,140700,141400,142000,142700,143400,144300,145200,146300,147500,148700,149900,151000,152100,153100,154100,155100,155900,156900,157900,159100,160300,161600,162800,164000,165100,166300,167300,168200,169000,169800,170700,171700,172800,173900,175100,176100,177000,177900,178600,179300,180000,180700,181500,182500,183500,184600,185600,186600,187500,188300,189100,189900,190800,191800,193100,194500,196100,197600,199100,200500,201600,202500,203400,204300,205400,206500,207600,208900,210300,211800,213300,214900,216600,218400,220500,222600,224500,226000,226800,226700,226000,225200,224700,224900,225700,227100,228900,230700,232500,234300,235800,237100,238100,238700,239200,239500,239600,239600,239600,239500,239500,239400,239400,239500,239900,240300,240500,240700,240600,240400,240000,239500,238900,238400,238000,237700,237400,237000,236500,235800,234800,233800,232800,231900,231100,230400,230000,229600,229200,228900,228500,227800,226800,225800,225000,224300,223700,223300,223000,223100,223500,223500,223100,222700,222600,222400,221400,220100,218900,217500,216300,215400,214600,214000,213600,213000,212200,211300,210600,209900,209100,208200,207400,206400,205500,204700,204400,204500,205000,205300,205300,205500,206400,207300,207700,207800,208500,209400,210200,210800,211100,211800,213000,213900,214500,215400,215900,216000,216000,216000,216100,216500,216700,217000,217700,218500,219000,219200,219700,220400,220900,221400,222200,223100,223900,224800,226000,227100,227500,228000,229200,230500,231200,231700,232400,233600,235600,237100,238000,239200,240700,242100,243600,244800,245600,246900,248800,250600,251900,253200,254300,254700,255100,255600,255900,256300,257400,258600,259300,260300,261900,263300,264400,266400,268400,269900,271500,273300,274900
31,"Minnesota",20,134000,134000,134200,134800,135800,137000,138400,139900,141200,142400,143600,144700,145700,146700,147700,148700,149600,150400,151100,151600,151600,151500,151400,151300,151400,151700,152300,153400,154600,156100,157500,158900,160000,161100,162300,163800,165700,167800,170100,172500,174900,177200,179500,181600,183600,185500,187500,189500,191500,193700,196000,198600,201200,203900,206600,209200,211500,213600,215500,217300,219200,221100,223200,225500,228000,230600,233400,236200,239200,242500,246000,249500,252800,255500,257500,259000,260100,261200,262400,264100,266300,268300,270000,271600,273300,275100,277000,279100,281200,283200,285300,287500,289800,292400,295100,297900,300700,303300,305900,308300,310500,312600,314800,316800,318800,320900,322900,324800,326800,328600,330200,331900,333500,335200,336800,338200,339300,340300,341000,341600,342400,342900,343000,342900,342400,342100,341700,341400,341400,341700,341600,341100,340400,339300,337900,336400,334900,333500,331800,329600,327100,324700,322200,319700,317700,315600,313100,310400,307600,304900,302400,300000,298100,296900,295700,294400,292900,290700,288200,286400,285600,285200,285000,284900,284800,283500,284000,284500,283100,281500,281600,280300,278100,275300,272800,270900,269000,267100,264400,261500,259700,258800,257900,257700,257700,258000,258300,258400,258200,258300,258500,259300,260700,262400,264400,266600,269000,270900,272300,274400,276500,278300,279300,280300,281400,283200,285400,288100,290700,292900,294900,296600,297900,298900,300000,301500,303700,305900,307300,308000,308700,309100,308900,308700,309000,310000,311700,313700,315700,317400,318500,319200,319800,320600,321600,322500,323400,324600,326500,328100,329300,330100,331200,332100,332800,333900,335500,336700,338100,340000,342000,344200,346800,348900,350200,351100,352100,353200,354000,354700,355600,357300,359400,361500,363400,365000,365800,366400,367200,368200,369800,371800,373700,375600
10,"Colorado",21,191400,190500,190000,189800,190200,190900,191700,192200,192200,191700,191000,190300,190100,190600,191800,193600,195600,197700,199300,200300,200400,199800,198900,198200,197900,198400,199900,202300,205400,208800,212300,215500,218300,220700,222800,224700,226600,228600,230700,233000,235300,237700,240100,242700,245500,248600,252000,255400,258700,261700,264400,266800,269100,271400,274000,277000,280400,284200,288200,292100,295800,298700,300900,302500,303700,304600,305500,306600,307900,309600,311400,313100,314600,315600,316400,317000,317400,317800,318400,319300,320300,321300,322300,323600,324800,325600,325900,325900,325600,325300,325300,325400,325800,326300,326600,326700,326800,327400,328400,329900,331700,333800,336100,338200,340200,342100,343800,345500,347500,349600,351800,354100,356400,358700,361000,363000,365000,366800,368300,369600,371200,372800,374300,375900,377400,378500,379300,379800,380400,381400,382400,383400,384700,385900,386800,387400,387900,388000,387700,386900,385900,385100,384100,383000,382100,381100,379700,378100,376400,374800,373500,372400,371600,371500,371300,370700,370000,368800,366800,365200,364100,363100,362400,362100,361700,360300,360800,361000,358700,356200,356500,356000,354700,353600,352500,351100,349700,348300,346300,345400,345600,345700,345100,344700,344700,344900,345200,346200,347400,348300,348700,349200,350800,353100,354900,356400,358000,359800,361400,362800,364100,365600,367300,369000,370500,372400,374600,377400,380200,382700,384800,386700,388400,389900,391200,392800,394800,397000,399400,402000,404600,407000,409300,411900,414900,417700,420100,422800,426500,430200,433400,436400,439100,441100,442900,444900,447000,449100,452100,455800,459500,462600,465600,468500,471200,473300,475300,477100,479300,482400,485800,489000,492400,495500,497600,499200,500500,501600,502700,504300,506700,510700,515700,519800,522400,525000,526900,527700,528500,530600,534300,537500,539700,541600
4,"Alabama",22,238800,238400,238100,238000,237900,237700,237600,237400,237300,237300,237500,237700,237800,237900,237700,237100,236100,234400,232400,230200,227900,225600,223700,222200,221100,220400,220300,220600,221400,222400,223400,224400,225200,225900,226400,226700,226900,227000,227100,227400,227900,228600,229600,231000,232600,234400,236200,237800,239200,240500,241500,242300,243100,243900,244800,246100,247600,249200,251100,252900,254600,256200,257500,258600,259600,260500,261400,262300,263200,264200,265200,266100,267100,267900,268800,269600,270500,271400,272400,273700,275200,276400,277500,278400,279000,279500,280000,280800,281800,282900,284000,285000,285700,286500,287500,288700,290200,292100,294500,297300,300400,303600,306900,310100,313300,316600,320000,323600,327500,331300,334800,337800,340300,342600,344900,347300,349900,352400,354600,356800,359300,361900,364400,367100,369800,372100,373900,375100,375500,375700,375200,374100,373100,372200,371400,371100,371400,371900,372400,372900,373500,374600,375500,376500,378000,379100,379000,378300,377000,375500,374200,373100,372200,371800,371000,369900,368900,367600,365400,363400,361800,360500,359300,358600,357500,354900,355000,354900,351000,346700,346000,344000,341300,338900,337100,335200,334100,332600,330100,328600,329300,329900,330100,330800,330800,330700,330700,329700,327800,326000,324200,323300,322900,322600,321800,321600,321900,321700,320700,320400,320900,322000,322900,323300,323600,324400,324300,324000,324000,324200,324700,325700,326900,328100,329300,329800,330200,331300,333600,336400,339200,341400,343300,344000,344300,345000,345600,346000,346500,347200,347100,346800,347000,347900,348800,349600,350700,352100,353300,354300,355700,357100,357800,358800,360200,361600,362700,364100,364600,363800,362800,363100,364300,365800,366800,366500,365600,364500,363900,364000,365000,367600,371900,376100,378300,379100,379300,380100,380900,381700,383100,385500,388200,390300
51,"South Carolina",23,164800,165500,166700,168300,170200,172600,175300,178400,181700,185100,188500,191600,194000,195700,196800,197200,197000,196200,195000,193600,192200,191400,191600,193100,195600,198800,202200,205500,208400,210900,213100,214700,215600,215900,216000,216000,216200,216800,218000,219600,221700,224000,226700,229700,233000,236600,240400,244200,247600,250500,252800,254500,255800,256700,257500,258200,258800,259500,260200,260700,260800,260600,260200,259900,259500,259400,259600,260000,260500,261400,262400,263200,263700,264000,264300,264600,265000,265700,266600,268000,269600,271000,272000,272800,273600,274500,275500,276800,278300,279700,280800,281600,282000,282300,282500,283000,284000,285400,287400,289600,292200,294900,297700,300500,303100,305700,308300,311100,314400,318100,321800,325500,328700,331600,334600,337600,341000,344600,347900,351000,353800,356200,358300,360400,362700,365200,367500,369200,370400,371500,372300,373000,373800,374600,375100,375500,375600,375600,375500,375300,375200,375500,375500,375100,374500,373700,372500,371000,369000,367100,365400,363800,362400,361700,360800,359800,358500,357100,355300,353700,352200,350800,349700,348800,347700,345900,345900,346000,344100,342300,342000,340600,338900,337400,335500,333800,332400,330500,327300,324600,323400,322000,320000,319000,318700,318100,317400,317000,316500,316000,315700,315600,315700,315600,315400,315300,315300,315600,315800,315700,315400,315500,315800,316100,316500,317400,318300,318900,319800,320800,321900,322400,322600,322500,322900,323500,324100,324300,324200,324100,323700,322700,322100,322400,323000,323800,324600,325100,325600,326300,327300,328500,329600,330700,331600,332500,334000,335800,336900,337800,339700,342600,345700,348400,350300,352300,354100,355700,357600,360000,361900,364400,366500,367500,368100,369300,370300,371000,371700,372400,372400,373300,375400,377300,378500,379600,380600,381300,381800,382900,384700,386300,387900,389500
25,"Louisiana",24,,,,,,,,,,,,,,,,,,,,,,,,,,,,,,,,,,,,,,,,,,,,,,,,,,,,,,,,,,,,,,,,,,,,,,,,,,,,,,,,,,,,,,,,,,,,,,,,,,,,186200,185200,184200,182300,190100,205200,214600,215100,218000,220800,223800,227200,230600,233600,236100,237000,245300,259500,267700,267300,268800,270700,272300,272700,271700,269600,266900,263600,265700,271800,274800,273100,272400,271800,271200,270600,270100,269700,269500,268700,270400,273000,273600,272700,273700,275400,277900,280700,282600,283100,282900,283000,283000,283200,283500,283400,283100,283000,283200,283200,283300,283200,283500,283600,283800,283400,283100,283300,283100,282200,281600,281900,283300,285900,288700,290800,291800,293000,294900,297100,298500,299000,298000,296300,296500,297400,297200,296900,297800,297700,296600,296800,297500,298600,300300,303000,304600,306100,308300,310900,311600,312400,313600,314400,315800,319300,322300,322400,321100,320500,319900,319700,319800,319600,318800,317800,316500,315000,314900,317100,319300,320000,320200,320300,320400,321700,325000,327600,328800,328700,329700,331700,333400,333200,332000,329900,328300,327100,324900,324600,327700,331100,332300,332700,331900,331700,333400,335000,337100,339700,340800,338400,335800,334000,333500,333400,334100,334600,333500,334300,338700,343200,345000,346400,347100,345700,341800,337500,334900,333900,334600,335300,334600,333000,333200
24,"Kentucky",25,133300,133800,134300,134700,135000,135300,135500,135700,135900,136200,136400,136400,136500,136500,136800,137400,138100,139000,140000,141000,142100,143200,144100,144800,145700,146700,147800,149000,150300,151600,152900,154200,155400,156700,157700,158600,159400,160200,160900,161600,162400,163100,164000,164900,166100,167300,168400,169500,170600,171500,172300,172900,173400,173900,174500,175000,175700,176700,177700,178900,180100,181300,182300,183100,183700,184200,184600,185000,185600,186400,187500,188600,189700,190700,191400,191800,192100,192400,192800,193500,194400,195400,196300,197200,198100,199000,200000,201200,202200,203100,203800,204200,204200,204100,204100,204200,204800,205900,207200,208500,209800,211200,212700,214300,215700,216700,217200,217300,217200,217200,217600,218300,219400,220600,221800,222800,223600,224000,224100,224000,223700,223500,223600,224200,225000,225900,226800,227700,229100,230800,232700,234500,235800,236600,236900,236900,236800,236800,237000,237200,237400,237600,237900,238400,238700,238800,238700,238400,237900,237500,237100,236900,236700,236700,236900,237200,237400,237400,237300,237100,236700,236400,236000,235700,235400,235400,235600,235900,236600,237500,238100,238500,238600,238400,238000,237700,237000,236000,235200,234700,233800,233000,232500,232000,231700,231600,231500,231500,231800,231800,231200,230300,230000,230400,231000,231700,232600,233200,233100,233100,233000,233100,233400,233700,233800,234200,234800,235000,234700,234700,235400,235700,235900,236200,236700,237600,238000,237800,237600,238000,238600,239100,239300,239800,240600,241600,242500,243800,245600,247200,248600,250100,251800,253200,254100,254800,255800,256700,257800,259200,260600,261700,262500,263100,263700,264500,265600,267100,268800,270200,272100,274000,275600,277100,278300,279300,280400,281600,282500,283200,284100,285000,285600,285600,285800,286500,287300,288300,288600,289300,291200,293200,294000,294600
46,"Oregon",26,176900,178000,179300,180600,181900,183000,184000,184800,185500,186200,186700,186900,187000,187100,187100,187200,187200,187200,187100,186900,186700,186400,186200,186000,185900,186000,186300,186900,187800,188900,190100,191500,193000,194700,196400,198000,199600,201000,202400,203700,204800,205900,206900,207700,208600,209500,210300,211000,211500,211900,212300,212800,213500,214300,215400,216600,218100,219600,221000,222100,222800,223200,223500,223700,223900,224200,224700,225300,226200,227400,228800,230300,231700,232900,234000,235000,235900,236800,237800,238900,240400,242000,243500,245100,246400,247500,248400,249500,250600,252000,253500,254900,256200,257700,259400,261400,263500,266000,269000,272400,276200,280200,284200,287800,291200,294600,298100,302100,306700,311800,317400,323700,330500,337900,345900,354600,363100,369900,374500,378200,382700,388500,394400,399000,401500,402100,401700,401000,400700,401400,402100,402800,403800,404500,404400,404200,403800,403200,402200,400600,398900,397900,396500,395000,393600,391800,388800,385400,381800,378200,375100,372100,369500,367600,365100,361800,358500,354800,350700,347900,346200,345000,344300,344000,342900,340000,339900,340400,337500,333600,331900,328700,324800,321300,318300,316300,314500,312700,310300,308000,306300,305800,305900,306500,307500,308400,308300,307400,306600,306400,306700,307500,308800,310100,311200,312100,313400,315200,317000,318600,319900,321200,323100,326200,329800,332700,335000,337300,339500,341200,343000,345200,347500,349800,351600,353600,356100,358600,360600,363100,365900,368800,371600,374000,376300,379300,382300,384900,387500,390700,394100,397500,400900,403700,406400,409400,412700,415900,418800,422300,427100,432200,437000,441100,444000,446600,450000,453500,457200,460900,463900,466400,469300,471900,473200,474000,475400,477100,478300,479200,480700,483800,487000,489100,490500,492800,495300,497800,499300,500200,501900,504600,507600,510100
45,"Oklahoma",27,152400,155400,158100,160300,161900,163000,163600,163800,164200,165100,165800,165700,165200,164000,162200,159800,157200,154600,152200,149800,148300,147800,147700,147500,147500,147400,147100,146700,146300,146000,146000,146100,146900,148700,150900,153100,155700,158200,160300,161800,162600,162900,162800,162400,162300,163000,164000,165000,166100,167200,168100,168700,169000,169200,169500,169700,170300,171600,173500,175200,176600,177200,177000,176000,174400,172600,170900,169500,168800,169200,170800,172800,175000,176900,178200,179100,179700,180100,180500,182600,185400,186100,183900,181500,179700,179000,179800,182000,185000,188400,191700,194100,195400,196100,196400,196300,196000,196000,196600,197900,199900,202400,205400,208000,210200,211900,212700,212200,211100,210000,209500,210200,212200,215000,217900,220200,221000,220900,220300,220000,220700,222500,225000,228000,231000,233700,236100,237900,239600,241500,243300,245100,247200,249200,250800,252100,253200,254000,254700,255300,256300,257900,259600,261300,262900,263700,263400,262700,261600,260300,258900,258100,258600,261000,264400,268500,272800,275700,277000,277500,277200,276300,275400,274700,274600,274300,276800,278000,275800,272800,272100,270500,269100,268500,268500,268000,267500,267400,265500,262500,260900,260700,260500,260600,260200,259100,258200,258200,258500,258600,259100,260200,261200,262400,263600,265100,267000,269500,271700,273700,273300,271200,269700,270200,271100,272600,274500,276500,278300,279800,281100,282400,283800,284200,283500,283300,284500,285900,286800,287400,288000,288500,288900,289500,290800,292500,293700,295100,296900,299000,300400,301000,301300,301900,302200,302200,303000,305000,307900,310800,313800,316000,317700,319400,321000,321700,322200,322500,323800,326200,328700,330900,332800,333600,334000,333700,332700,331400,330200,329100,329100,329800,330600,330900,330900,330700,330200,330000,329600,329700,330700,331800,332700,334600
11,"Connecticut",28,287700,286500,285200,283900,282700,281800,281200,281000,281300,282200,283100,283900,284800,285800,286800,287700,288600,289400,290100,290600,291100,291600,292000,292300,292800,293500,294700,296200,298100,300200,302600,305100,307700,310400,313000,315700,318700,321900,325500,329200,332900,336700,340500,344300,348600,353200,357900,362500,367200,371900,376500,381100,385700,390300,394700,399000,403300,407600,411700,415400,418900,422100,425200,428000,430800,433500,436400,439300,442400,445800,449500,453300,457200,461100,465100,469200,473300,477500,481700,486200,490600,494400,497700,501300,505400,509900,514600,519200,523500,527500,531500,535500,539700,544200,548900,553800,558600,563300,568100,573100,578300,583700,589300,595000,600600,606100,611100,615700,620200,624400,628300,632100,635700,639100,642100,644500,646200,647700,648700,649300,649700,649600,648800,647700,646800,646100,645900,646200,647000,648600,649700,650200,650400,649700,647700,645200,642800,640300,637300,633600,629200,624500,619400,615100,612300,610400,607900,604500,600100,595700,591700,588100,585000,582300,579000,574900,570700,565800,560800,557700,556900,557100,557300,558000,558900,557800,558100,557600,554400,552000,553200,552900,551600,550400,548200,544100,539300,537100,536000,535200,534000,531500,530100,530100,529000,526000,523300,520700,517500,514000,511100,508800,507500,507900,507600,505500,502000,500300,499800,499700,499600,499800,499300,500300,502700,504000,503600,504300,505700,505800,505700,506700,507100,506600,506700,508000,509500,509900,509600,509900,510200,509900,510300,511900,513900,515200,515600,515100,515000,515000,515300,515600,516400,516600,516000,515300,515900,516600,516500,515600,515100,515300,515300,514200,513700,514100,513500,512000,511600,511900,511200,509400,508400,508700,508400,508800,510700,513300,515000,516900,517400,518000,519500,520700,520200,520400,521200,521400,521100,521200,521600,521700,522600,524000
19,"Iowa",29,83400,83800,84200,84600,85000,85500,85900,86300,86700,87100,87700,88500,89400,90600,91800,93200,94600,96000,97200,98100,98300,97900,96900,95300,93500,92000,91000,90900,91500,92900,94700,96700,98600,100100,101200,101700,101600,100800,99400,97700,95900,94200,92800,92000,91700,92100,93100,94700,96700,98800,100800,102500,103600,104300,104600,104800,105200,105900,107100,108700,110600,112500,114200,115700,116900,117800,118600,119300,119900,120600,121300,122100,122800,123300,123500,123300,123100,122900,122900,123500,124500,125500,126200,126900,127600,128500,129800,131600,133600,135700,137500,138600,139200,139500,139700,139800,140100,140500,141100,141600,142200,143100,144500,146200,148000,149600,150400,150400,150000,149700,149900,150900,152200,153400,154400,155300,155800,156300,156700,157000,157400,158000,158800,160000,161400,162700,163900,164800,165400,165700,166100,166400,166700,166900,167000,167300,167600,168200,169000,170100,171300,172600,174000,175400,176500,177200,177200,176800,176400,176000,175500,175100,174800,174900,175400,176500,177900,179200,179900,179800,179200,178700,178400,178200,178300,178700,179000,179200,179800,180700,181700,182300,182600,182700,182500,182000,181700,181300,181200,181100,180600,180100,180300,180900,181500,182000,182400,182700,182900,183600,184200,184900,185700,186700,187900,188700,189200,189800,190700,191600,192600,193400,194200,195100,195700,195500,195500,196700,198200,199200,199700,200200,200600,201100,201800,202700,203400,204300,205300,206400,206900,207500,208400,209600,210800,211700,212700,213800,215200,216500,217400,217800,218300,219000,220000,220900,221300,221700,222500,223500,224800,226200,227600,228700,229600,230300,230800,231000,231500,232500,233300,234400,235800,237300,238200,238600,238800,239200,240300,242100,243800,244700,244700,244300,244400,245100,245600,245900,246500,247500,248200,248900,249700,250400
34,"Mississippi",30,146100,146500,146800,147200,147600,147900,148100,148400,148600,148700,148800,148900,149000,149000,149100,149200,149200,149200,149200,149000,148800,148600,148400,148200,148000,147900,147800,147700,147600,147500,147400,147100,146700,146200,145600,144900,144200,143600,143200,142800,142700,142700,142700,142900,143100,143300,143700,144200,144800,145400,146100,146800,147600,148400,149100,149700,150300,150800,151200,151700,152300,152900,153500,154200,154900,155500,156100,156600,156800,156900,157100,157300,157600,157900,158400,159000,159700,160400,160900,161400,161700,161800,161900,162300,163000,164000,165100,166300,167600,168700,169700,170300,170600,170500,170200,169800,169500,169400,169500,170100,171100,172300,173700,175700,178400,181700,185300,188500,191100,193200,195100,196900,198500,200000,201200,202100,202800,203700,205000,206500,207200,206500,204200,200500,196200,192700,190800,190500,191400,192900,194900,197300,200300,204400,209500,214400,218400,221300,223100,223900,223500,222400,221300,220200,218600,216500,214400,211700,208700,205800,202800,199500,195700,191800,188300,185100,181500,177800,174900,173000,172400,172700,173500,174000,175600,177900,178000,177100,177700,179000,179400,180400,182200,184000,185500,187400,189200,190900,192000,192500,192600,193400,193400,194000,194400,193600,191600,189400,186900,185200,184600,184800,185700,186100,186700,187500,188500,189100,190500,192100,193000,193400,194500,195700,196400,197100,197800,197600,197100,197300,197500,197900,198600,198900,199000,198600,196900,195600,196100,197400,198200,198600,198600,198700,199300,200000,201100,202800,204800,206400,207800,208800,209900,210600,210800,210700,209900,209500,209800,211100,212000,212800,213400,213500,212800,213100,214100,215200,216100,216200,215400,215100,216100,217400,218400,219700,221000,221600,222700,224600,226300,227100,228200,229700,231900,234100,235200,234200,232800,232600,233500,234800,236400,237500
6,"Arkansas",31,225100,223600,221700,219300,216700,214000,211300,208900,206900,205700,205300,205000,204300,203200,201700,199700,197400,194900,192500,190100,188200,187100,186800,186500,185900,185000,183800,182200,180400,178600,177100,175800,175100,175300,176600,178100,179400,180500,181100,181500,181700,181800,182000,182500,183600,185600,188600,191900,195000,197600,199700,201200,202300,203200,204200,205300,206800,209200,213100,217200,220700,223300,224900,225400,225000,224100,223000,222000,221300,221900,224300,227200,229200,230200,230100,229000,227100,224900,222500,222100,224600,224500,217700,208700,202300,199300,199500,202800,208600,215700,222400,226700,227100,224600,221400,219400,219400,221100,224000,227900,233100,239600,246500,252700,257800,263300,269700,276500,282700,287900,292100,295800,298800,301600,304800,308800,313400,318800,324100,328300,330900,332500,333900,335800,337700,339400,341100,343100,344900,346900,348300,348900,348800,348800,348600,348000,346100,343300,341100,340400,341400,343700,346400,349500,353000,356500,358800,359100,356800,353700,351600,350600,349800,349300,348700,348400,348000,348000,347400,345600,342200,338600,335800,334800,331500,324800,324500,326500,324400,322700,323500,319600,316300,316300,316900,316000,316100,319700,321300,320900,323100,323600,319500,320700,327700,332500,332700,327700,321400,316500,313500,313400,314100,313000,314300,316400,316400,317100,317800,318600,321800,325400,325200,323000,320400,318100,314700,311900,310000,309800,311600,315000,317600,319100,320800,321200,321700,323600,326700,330400,333800,333300,331000,330800,332800,333000,330600,330100,331800,332000,331000,332200,333400,333400,333600,335000,336300,339100,342000,343500,344900,347500,351100,352700,351600,350500,350100,347700,345600,344900,347500,348500,347700,346700,348000,347500,346900,346300,346900,348200,349800,351700,353900,358700,362900,367500,370200,372000,372600,374900,378600,383200,385000,385300
23,"Kansas",32,118500,119300,120200,121200,122100,122700,123200,123700,124600,126000,127900,130500,133500,136500,139500,142200,144700,147100,149500,151900,154200,156500,158500,160300,161900,163400,164800,166300,167800,169200,170600,171800,172900,173900,174700,175300,175800,176200,176600,177000,177400,177900,178500,179200,180100,181100,182000,182800,183400,183900,184400,184900,185300,185700,186200,186800,187600,188400,189200,190000,190800,191500,192200,192900,193600,194300,195000,195800,196400,197000,197600,198300,198900,199400,199700,199700,199600,199300,199100,198900,198800,198900,199000,198900,199000,199400,200100,201000,201900,202700,203200,203600,204100,204600,205200,206100,207200,208300,209500,211000,212800,214800,216900,218700,220200,221200,221600,221700,221300,220600,219700,218800,218000,217500,217300,217300,217400,217600,217900,218200,218600,219000,219400,219700,220100,220400,220600,220900,221300,221900,222600,223400,224200,224900,225500,226200,226800,227300,227700,228000,228200,228500,228800,229400,230100,230700,231200,231500,231500,231500,231600,231700,231600,231600,231600,231600,231600,231400,230900,230300,229600,229100,228700,228400,228000,227700,227900,227800,227300,227100,227900,228900,229300,229300,229000,228900,228700,228200,227300,226200,225200,224500,223900,223000,222500,222400,222300,221900,221600,221400,221400,221700,222100,222700,223300,223600,223800,223900,224200,225000,226000,227100,227700,228000,228500,229100,229500,230300,231500,232200,232500,232800,233200,233900,234600,235300,236100,236600,237100,237500,238000,238200,238800,239600,240500,241100,241800,242600,243400,243800,244000,244700,245800,246900,247600,248100,248600,249500,250800,252000,253100,254300,255500,256700,257800,259100,260300,261300,261700,262200,263400,265500,267500,269100,270300,270700,271000,271900,272700,272900,273200,273800,274200,274500,274800,275700,276800,277900,278900,280000,281900,284000,285500,286500
55,"Utah",33,180900,182300,183800,185400,187100,188800,190400,192100,193700,195200,196700,198100,199400,200500,201400,202100,202600,203000,203400,203700,203900,204100,204300,204400,204500,204700,204900,205200,205600,206000,206500,207000,207600,208100,208700,209200,209600,209900,210100,210200,210200,210100,210200,210400,210700,211100,211400,211800,212100,212500,213000,213500,214200,214800,215500,216100,216600,216800,216800,216500,216100,215600,215400,215400,215500,215700,215900,216100,216100,216100,216000,215900,215700,215500,215200,214800,214500,214200,213900,213800,213900,214200,214900,215900,217000,218400,219900,221600,223300,224800,226100,227000,227500,228200,229000,230100,231100,231900,232100,231900,231500,231100,231000,231300,232300,233600,234900,236100,237400,238800,240400,242400,244800,247300,250000,252800,255600,258500,261200,264200,267700,271500,275700,280600,286000,291700,297700,303700,309800,315600,320800,325900,330800,335300,339300,342800,345700,347800,349200,350000,350300,350200,349700,348900,348100,347000,345700,344400,342800,341000,339300,337400,335700,334100,332500,330700,328600,326300,323600,320800,317900,315100,312600,310600,308900,307500,307400,307300,305500,302700,300600,298200,295800,294300,293400,291700,289000,286400,284200,281900,279500,277900,277100,276400,275100,273100,271600,271300,272100,271900,270100,268700,269500,271300,272400,273300,274700,276100,277600,279300,280900,282700,285100,287700,290500,293500,297000,300800,304700,308000,309900,310700,311700,313400,315300,317000,318300,319000,318900,318800,319200,319800,320400,321100,321900,322500,323300,324600,325600,325800,326000,326700,327700,328800,330600,332600,334300,335700,337300,339600,342300,344800,346900,349400,352400,355900,359100,361900,364700,367700,370400,373300,377000,381000,384700,387800,390200,392200,394300,396700,398800,402200,407500,412000,415400,419600,424000,427400,430300,433100,436500,440100,444100,447400
42,"Nevada",34,211300,210800,210500,210300,210300,210500,210800,211300,211900,212600,213200,213700,214100,214400,214600,214800,215000,215100,215400,215700,216200,216600,216900,217000,217100,217100,217000,217000,217100,217200,217500,217900,218300,218900,219300,219700,220100,220700,221500,222400,223400,224600,225800,227200,228700,230300,231800,233200,234600,236000,237200,238300,239200,240100,241100,242100,243100,244200,245200,246000,246900,247800,248900,250200,251700,253400,255400,257400,259600,261800,263900,265600,267200,268500,269600,270600,271700,273000,274500,276300,278200,280200,282200,284500,287000,289900,293500,297800,302800,308500,315100,322500,330800,339800,349600,360600,373000,386500,401000,415900,430100,442900,453800,462900,470800,478100,484900,491500,497800,503100,507300,510400,512500,514200,515800,517700,519900,522500,525100,527600,529900,531400,532000,531200,529200,526400,523300,520200,517300,514600,511300,506900,502200,497500,492600,487200,481300,474900,467600,459000,449000,438000,426400,414500,403000,392300,382000,372400,363800,355700,347900,340400,332900,325500,317800,309300,300600,292100,284200,277700,273300,270200,268200,267100,266300,265900,265800,267200,268000,267700,266900,265600,263100,261000,258800,256500,254000,251500,249900,248300,246500,244800,243200,241600,239800,237600,236400,235700,235500,236200,237000,237700,238500,239500,240800,243600,247100,250500,253300,256200,259500,262600,265400,268700,273800,280400,287200,292600,297200,301400,305200,308000,310300,312500,315600,318900,321700,323600,325600,327700,329600,330700,331800,333500,336100,338100,339400,340400,341600,343400,345400,347000,348300,349300,350200,351800,353400,354800,356100,357700,360000,362000,362900,363900,365500,366900,368200,369900,371700,373400,375600,378200,381000,383700,386300,388100,390100,393400,397300,400100,402900,406900,410900,413300,415500,418700,422000,425300,429100,432700,436100,439200,440500,440900
41,"New Mexico",35,192400,192600,192700,193000,193300,193700,194300,195200,196100,197200,198200,199000,199700,200100,200300,200200,199800,199000,198000,196900,195600,194500,193800,193500,193900,195200,197100,199700,202800,205800,208900,211700,214400,216600,218500,219800,220800,221400,221800,221800,221800,221600,221500,221400,221400,221500,221700,221900,222200,222500,223000,223400,223900,224400,224900,225500,226200,226900,227600,228100,228600,229100,229700,230400,231300,232400,233700,235100,236700,238300,239800,241100,242200,243300,244300,245100,245900,246600,247300,247900,248600,249600,251000,252700,254400,256000,257200,258100,258800,259700,260600,261500,262500,263600,264700,265800,266800,267900,269000,270000,271100,272200,273400,274800,276300,278100,280100,282600,285700,289000,292700,296800,301200,305800,310400,315300,320200,324800,328800,332700,336600,340500,344300,347900,351300,354600,357800,360700,363200,365200,366500,367700,369300,371100,372900,374700,376300,377600,378700,379700,380700,382000,383000,383800,384600,384400,383000,381300,380100,379200,378400,377700,377000,376300,375300,374200,373500,372700,371600,371000,370500,369600,368500,367400,365800,363200,362900,361900,358000,353300,351000,348100,345100,342700,340800,337800,334200,331900,329600,327400,326000,325300,324700,324700,323700,322000,320300,319700,319700,319300,318100,317700,317900,318500,318400,317400,316100,315500,315200,315000,315200,315900,316200,315900,315600,315500,315900,317200,319000,320300,319900,319400,319300,319600,319900,320200,320700,320800,319600,318100,317900,318400,318700,319100,319900,320300,320500,321600,323400,325100,327500,330000,331800,332800,333900,334100,333500,333000,333500,334700,336400,338000,339400,340300,340500,340600,342000,344100,346000,347400,347100,345500,344500,345100,346100,347200,348500,349100,350200,352700,354600,357200,362600,368400,372300,374200,374500,375200,377200,380700,384500,387800,391000,393700
61,"West Virginia",36,85800,86100,86400,86700,86900,87100,87300,87400,87600,87700,87700,87700,87700,87700,87700,87900,88300,89000,89900,91100,92600,94100,95400,96400,97300,97900,98300,98500,98700,99200,99900,101100,102800,104700,106700,108600,110300,111700,112700,113300,113400,113300,112800,112000,110800,109500,108100,106700,105700,105000,104700,104700,105000,105600,106300,107200,108000,108900,109500,110100,110500,110900,111000,111100,111300,111600,111900,112300,112800,113200,113600,114100,114700,115300,116000,117100,118600,120700,123300,126500,130300,134500,138800,142400,144900,146300,146600,145800,144300,142200,139900,137400,135100,133400,132600,132900,134400,137400,142000,147600,153100,157600,160700,162800,164000,164500,164600,164500,164600,164900,165200,165500,165900,167000,168500,170200,172000,173400,174400,175200,175900,176400,176700,176900,177300,177900,178600,179300,179900,180600,181000,181300,181600,181700,181400,180800,179900,178900,178100,177700,177500,177700,177800,177800,177600,177000,175900,175000,174400,174000,173700,173600,173500,173600,173600,173500,173500,173300,172900,172400,172000,171600,171200,171000,170800,170200,170000,169400,168000,166600,166500,166500,166800,167000,167100,167100,167200,167000,166200,165600,165700,166200,166800,167100,167000,167200,167300,167200,166500,166100,165900,166400,166900,167300,167000,166900,167000,167100,167300,167700,168100,168700,169100,169500,170400,171500,172200,172400,172400,172400,172700,172800,173300,174000,174700,174800,175000,175300,175600,176000,176200,176600,177400,177900,178200,179100,180500,181700,182500,183400,184100,185000,185900,186400,186400,186400,186200,185800,185300,184800,185100,185600,185900,186200,186500,186800,187200,187400,187400,187800,189000,191100,192000,191400,190900,190800,191000,191100,191200,191300,191500,192000,193000,193600,193400,193200,193300,193900,194900,195900,196600,197700,199000,199700
38,"Nebraska",37,78600,79600,80700,81800,82900,83900,84800,85600,86300,86900,87300,87600,87700,87600,87500,87200,86900,86700,86600,86400,86400,86400,86400,86400,86400,86400,86600,87000,87600,88400,89300,90500,91900,93600,95600,97700,100200,102700,105100,107400,109500,111300,112700,113900,114800,115600,116300,116900,117400,117700,118000,118100,118200,118100,117800,117200,116300,115200,113700,112000,110100,108200,106500,105100,104100,103300,102900,102600,102500,102600,102800,103100,103600,104000,104600,105200,105800,106500,107400,108300,109200,110100,110600,111000,111400,112000,112800,113700,114700,115700,116700,117600,118400,119100,119800,120400,121300,122400,123500,124500,125200,125500,125700,126100,127000,128200,129800,131400,132800,133600,134000,134100,134100,134100,134300,134700,135300,136000,136800,137500,138300,139000,139600,140100,140700,141200,141600,141700,141500,141200,140900,140700,140600,140500,140500,140400,140200,140000,139800,139600,139500,139400,139100,138700,138100,137500,136900,136800,137100,137500,137900,138300,138700,139100,139500,139700,140000,140200,140400,140700,141000,141300,141500,141500,141200,140800,140800,141200,141600,142200,142600,142700,142500,142600,143100,143400,143700,143700,143500,143400,143300,143400,143700,144100,144100,143600,142900,142500,142500,142700,143000,143400,143900,144200,144300,144600,145100,145900,146900,147900,148600,149400,150300,150700,150900,151500,152200,153000,154000,154900,155900,156700,157400,157800,158300,158700,159200,159800,160300,160900,161400,161600,162100,162900,164000,165300,166500,167500,168700,169800,170900,171700,172500,173000,173500,174100,174900,175500,176500,177900,178800,179300,179900,180700,181500,182400,183700,185200,186700,188100,189000,190200,191800,193800,195500,196800,198000,199600,200400,200200,200000,200400,201400,202600,203500,204300,205400,206800,208100,209100,209600,210200,211000,211500
20,"Idaho",38,119300,119100,119400,119900,120700,121800,123200,124900,126800,129100,131800,134900,138100,141000,143800,146300,148400,150200,151800,153300,154800,156300,158000,160000,162000,163900,165600,167100,168300,169200,170000,170800,171400,171800,172400,173000,173300,173500,173500,173300,173100,172800,172600,172500,172300,172100,172100,172200,172200,172200,172300,172400,172700,173100,173600,174300,175100,175800,176600,177300,177900,178300,178600,178700,178800,178800,178800,178700,178500,178300,178200,178100,177900,177800,177800,177800,177800,177900,178000,178200,178400,178600,178600,178600,178600,178800,179100,179400,179800,180300,181000,181800,182500,183400,184400,185700,187200,188900,190700,192400,194000,195400,196700,198000,199400,200700,202000,203300,204600,206000,207700,209800,212500,215500,218800,221900,224900,227800,230600,233600,237000,240500,243700,246800,249400,251600,253400,254900,256300,257700,258700,259600,260600,261100,261200,261200,261100,261000,261000,261200,261600,262000,261900,261500,260800,259700,258100,256400,254600,252700,250800,249200,247800,246700,245400,244100,242900,241400,239300,237100,234900,232800,230800,229200,227600,225300,225300,225400,222700,219100,217700,216500,215500,214500,213500,211900,209700,208300,206300,203500,202100,202200,201500,200700,200200,199900,199400,199300,199200,198800,198100,197700,197600,198100,198900,199900,200700,201800,203200,204500,205600,206400,207500,209100,211400,214000,216500,219000,221500,223700,225500,227000,228700,230700,232200,233700,235300,236800,238300,239600,240300,240800,241800,243000,244300,245300,246400,248000,249900,251400,252600,253600,254300,255000,255900,256700,258200,260200,262300,264500,267200,269200,270300,271300,272700,273700,274200,274900,276100,277900,280200,282700,284800,286500,288400,291200,294400,297300,300100,303400,306000,308500,311700,314900,317300,319900,322800,325900,328800,332000,336200,340500,344700,348200
18,"Hawaii",39,300100,296500,292700,288800,285100,281900,279100,277000,275600,274800,274400,274100,274100,274200,274300,274200,274100,273900,273700,273700,273900,274400,275200,276300,277800,280000,282400,285200,288000,290900,293600,296200,298500,300600,302300,303400,304300,305100,305700,306100,306700,307400,308300,309500,311000,312600,314300,315900,317400,318800,320100,321400,322800,324200,325700,327400,329100,330900,332800,334600,336500,338300,340200,342200,344200,346300,348600,350800,353200,355600,358100,360600,363000,365600,368500,371900,375800,380300,385100,390400,395700,400800,405600,410400,415300,420500,426100,432200,438900,446000,453500,461400,469600,478300,487800,498600,510600,523600,537000,549900,561400,571600,580900,589700,598700,607900,617300,627300,638000,649000,660400,671900,683100,693900,703900,713000,721400,729100,735900,741700,746100,748900,750800,751700,752000,752300,752600,752700,753000,753500,754000,754300,754300,754200,754300,754100,753600,753500,753700,753600,752900,751600,749700,747100,743100,738200,732900,727000,721100,716000,711200,706200,701200,696400,692100,687900,683100,677800,673800,671400,670300,670200,670900,671900,673100,675000,675900,677700,680500,682500,682100,681400,680500,680300,680900,680700,678400,675500,672800,669000,666700,666400,666700,667300,667900,664500,659100,656500,657600,661400,667400,673800,677200,679600,682900,686400,689500,694600,700700,705800,709300,711200,711400,712000,715500,720900,726000,731300,737200,741400,744800,748600,753700,757400,760200,764000,768900,772400,775700,778600,782600,787400,792300,796400,798400,798600,800200,803300,806300,808800,811500,815100,819900,824900,828900,833000,837700,844100,851400,859000,865900,872700,878100,880400,880700,882300,885400,891000,897100,900200,899800,898500,896700,896400,897700,898200,897700,897900,900000,902800,908600,919700,933400,942600,951000,960400,969400,978900,987900,996000,1004300,1008700,1009000,1010700
28,"Maine",40,131800,131300,130800,130200,129600,129000,128400,127800,127400,127200,127100,127100,127200,127500,128100,128800,129700,130800,132000,133300,134800,136500,138100,139600,141100,142500,143900,145100,146100,146900,147600,148000,148300,148700,149000,149200,149600,150100,150900,151900,153100,154600,156300,158100,160200,162500,164700,166900,169000,170900,172800,174500,176200,177900,179700,181500,183400,185400,187400,189400,191500,193400,195400,197300,199300,201200,203200,205300,207600,210000,212500,215200,217900,220700,223400,226100,228700,231400,234000,236500,239000,241500,243900,246300,248700,251200,254000,257000,260200,263400,266600,269500,272200,274800,277600,280600,283800,287300,290600,293400,295700,297700,299600,302000,304900,308000,310700,312900,314800,316600,318500,320200,321600,322900,324200,325400,326400,327200,328100,329100,329900,330500,330800,330800,330400,329800,329000,327900,326500,324900,323400,322100,320800,319400,318400,317800,317600,317800,318200,318800,319300,319200,318400,317000,314600,311600,308400,305400,302700,300000,297300,294700,292200,289800,288000,286300,284200,281800,279600,278300,277700,277700,278100,278700,279900,281900,282600,282900,284800,288200,290300,291500,291700,291400,290700,289200,286900,284200,281900,280000,278400,276900,276000,275900,275500,275000,275000,275200,275200,275200,275600,276000,276300,276300,277000,277700,278500,279200,280100,281300,282200,283000,283900,285000,285500,285400,285200,284900,284900,285600,286000,285600,285700,286400,287100,287900,289800,292500,295300,296900,297600,297300,297200,297900,298800,299500,300600,301900,302400,303000,303900,305200,306700,308400,309000,309400,309600,309800,310700,312100,313200,314300,315700,316800,318000,319800,321300,322300,323700,325200,326100,326800,327700,329200,331100,332900,334100,335000,336500,339400,341400,342600,345300,349200,352000,352500,350700,349600,349600,349700,350500,351600,354500,358800
39,"New Hampshire",41,149800,150600,151300,151900,152600,153200,153700,154100,154600,155400,156000,156500,157000,157700,158400,159400,160500,161600,162800,164100,165500,167000,168300,169300,170200,171000,171700,172300,172900,173500,174100,174800,175600,176600,177600,178500,179700,181000,182500,184200,186000,188000,190200,192700,195400,198400,201400,204300,207300,210200,213200,216200,219200,222100,225100,228200,231500,234800,238000,241200,244400,247400,250500,253500,256300,259000,261700,264300,267000,269600,272200,274700,277100,279500,281900,284400,286800,289300,291800,294400,297000,299600,302200,304800,307300,309900,312600,315300,318100,320800,323600,326100,328500,330800,333100,335700,338500,341400,344300,347100,349800,352400,355400,358600,362100,365600,369000,372200,375200,377900,380000,381900,383300,384500,385300,385700,385700,385400,385000,384500,384000,383400,382800,382200,381600,381000,380400,379700,378900,378200,377300,376500,375600,374500,373400,372300,371300,370100,368600,366800,364800,363300,362200,361300,360100,358600,356500,353900,351300,348700,346300,343800,341300,339000,336900,334800,332400,329700,326700,324300,322900,322400,322500,322800,324100,324800,324800,324500,324600,324500,325200,325600,325400,324300,322300,319800,317100,314800,312900,311100,309400,307900,306500,305000,303100,302000,302500,303900,304800,305000,304500,303800,303300,303500,304900,306700,307600,307800,307500,307500,307800,308600,309800,311100,312900,314900,316300,317700,319700,321300,321900,322200,322700,323300,323400,323100,322900,322900,323400,324500,325400,326100,326900,327600,327500,327400,328100,329100,330400,331800,333000,334100,335700,337400,338600,339800,341600,343400,344800,346400,348700,350500,351100,351400,352300,353700,355300,357200,359100,361000,363300,366100,368200,369300,369800,369800,370300,371900,373900,375600,376600,378900,383500,388100,391300,394200,397100,400100,402900,405100,407500,409800,412600,414800
50,"Rhode Island",42,184700,184700,184600,184500,184500,184500,184600,184800,185300,185900,186400,186800,187200,187500,187900,188300,188800,189200,189600,190100,190800,191600,192300,192800,193300,193800,194300,194800,195500,196300,197200,198200,199600,201200,202900,204600,206500,208600,210900,213400,216000,218900,221900,225200,228700,232600,236300,239700,243000,246300,249500,252500,255300,258100,260900,263700,266600,269500,272400,275300,278200,281200,284400,287800,291600,295600,300100,305000,310400,316000,321700,327500,333400,339100,344800,350500,356200,361800,367500,373500,379400,384600,389500,394600,399800,405000,410400,415700,420700,425500,430000,434400,438700,443100,447600,452300,457100,462200,467400,472500,477400,482000,486400,490500,494500,498500,502200,505600,509100,512400,515800,519000,522000,524800,527100,528400,529000,529300,529600,529900,530200,530100,529400,528000,526000,523700,521400,519200,517500,516500,515700,514600,513100,511400,509400,507100,504800,502400,499900,497000,493500,489300,484700,479600,474500,469700,465200,460700,456700,453300,450100,447100,444400,441900,439500,436600,433200,429400,425800,423000,420800,419000,417600,416900,415400,413800,414800,418200,420700,421600,421300,420700,419300,418100,416800,414800,413100,412200,410300,406600,401800,396400,393500,392900,392600,390900,389100,387900,388600,389900,389000,387100,387000,389100,390700,391400,391500,392400,393200,394100,393800,392000,389400,389000,391700,395400,397000,397300,398000,398600,399100,399400,399300,400200,402500,404100,405300,406400,407100,407200,406700,405500,404800,405600,406300,405600,405400,405400,403900,402900,403900,406000,408100,410000,412600,415700,417900,420700,424100,427100,429300,431700,434400,436900,440400,444300,446800,447300,448000,449800,452600,455900,459800,462700,463300,462700,464200,467200,470400,474000,478400,482700,487200,492400,496900,500500,504500,509200,512900,515600,518300,520800,523200,525400
35,"Montana",43,212500,212500,212700,212900,213100,213200,213300,213300,213200,213000,212800,212600,212500,212500,212600,212800,213000,213200,213200,213200,213100,212900,212700,212500,212500,212500,212700,212900,213100,213300,213300,213300,213300,213000,212700,212500,212400,212400,212600,212800,213100,213200,213200,213300,213300,213100,212800,212600,212400,212500,212700,213000,213200,213300,213300,213100,212700,212100,211300,210500,209600,209100,208700,208500,208100,207500,206900,206400,205900,205500,205000,204600,204400,204400,204700,205100,205500,205800,206000,206300,206700,207400,208300,208600,207600,205100,201400,197600,194700,192900,191800,191100,190800,191000,191900,193300,195000,196500,197900,199000,199800,200600,201600,202600,203300,203700,203900,204400,205300,206900,209000,211300,213400,215200,216700,217900,219100,220200,221300,222500,223900,225600,227500,229300,230900,232100,233300,234600,235900,237100,238100,239100,240000,240900,242000,243600,245300,246900,248300,249500,250600,251400,252100,252600,252800,252900,252900,253100,253300,253700,254000,254400,254800,255100,255500,255800,256100,256100,255900,255400,254900,254400,254100,253900,253700,253700,253800,254200,255300,256600,257500,258000,258000,257800,257700,257500,257200,257300,257500,257100,256200,255300,254300,253200,252600,252400,252500,252400,252600,253000,253200,252800,252200,252000,252400,253300,254400,255500,256700,258000,259300,260500,261600,262800,264100,265500,266900,267900,268200,268300,268200,268500,268900,269300,269800,270300,270900,271400,272400,274300,276800,277900,277400,276300,275300,274000,273500,274100,274500,275200,277400,279800,281100,282200,283500,285000,285900,286500,287100,288200,290600,292700,292800,291300,290500,291600,293700,294700,295200,296100,296300,296200,297200,298700,298600,298000,298400,298500,299400,301800,304600,307600,311100,314400,315700,315500,315500,316400,318000,320600,324000,327100,329600,331500
13,"Delaware",44,186800,187900,189100,190100,191000,191600,192100,192400,192900,193500,193800,193700,193600,193400,193100,192800,192700,192700,193000,193600,194800,196500,198200,199800,201500,203100,204600,206000,207200,208200,208900,209400,209900,210500,210900,211000,211300,211600,212200,213000,213900,214700,215700,216700,218100,219700,221300,222700,224100,225400,226600,227800,229000,230200,231300,232700,234600,236800,239200,241500,243800,246100,248400,250600,252800,255000,257100,259400,262000,264800,267800,270700,273400,275900,278300,280500,282500,284400,286200,288200,290700,293700,296900,300300,303700,307000,310200,313400,316600,319700,322700,325500,328400,331200,334000,336500,338800,341100,343900,347400,352300,358900,366800,374500,380400,383900,385700,387600,390500,394400,398600,402700,406400,409400,411900,414100,416500,419200,422000,424700,427300,429400,430700,431500,431800,431500,430700,429700,429200,429300,429300,429000,428900,429200,429500,429900,430300,430200,429400,428200,427000,426300,425500,424500,423700,422900,421400,419600,417400,414900,412200,409800,408000,406900,405400,403300,401000,398500,395700,393700,392700,392300,392000,392000,392700,391800,391700,391100,388400,385300,385300,385200,383300,379900,377400,376300,374400,371700,369800,369600,369500,368300,365700,362600,360100,358400,357000,354800,352400,351500,350900,350200,350800,352300,353000,352600,351400,350700,350900,351200,351200,351300,352700,354500,355000,354000,353600,355000,357600,360700,363000,363200,362500,361800,360600,360500,362200,365400,368000,369800,370800,371200,369900,367900,366100,365800,365100,364900,366200,368100,369100,369200,370000,372900,375700,376400,377400,379800,382800,385600,387500,388800,391000,393800,395000,394500,392600,389900,387500,386700,387100,387100,386900,387200,386500,386000,387200,387200,391300,405200,421200,427500,426400,422400,418000,414700,413700,414400,415600,416400,416100,416000,416900,419000
3,"Alaska",45,160600,161100,161600,162100,162600,163000,163600,164200,164900,165700,166300,166700,167100,167500,167800,168200,168600,169000,169500,170000,170800,171700,172500,173200,174000,174900,175700,176500,177200,177900,178600,179300,180200,181000,181700,182300,182800,183400,184000,184600,185200,185900,186700,187600,188800,190100,191500,192900,194600,196600,198900,201700,205000,208800,213300,218500,224600,231100,237800,244900,252300,259600,266900,274000,280700,287000,292700,298200,303200,307700,311400,314600,317300,319600,321600,323100,324500,325700,327000,327500,327500,328100,329700,331100,332600,334000,335400,336500,337400,338100,338700,339400,340300,341300,342300,343600,344900,346300,348000,350000,352500,355400,358300,361200,364300,367800,371500,375600,380500,385800,391600,397700,403800,409700,415300,420700,425700,430100,433600,436700,439600,442300,444600,446700,448400,449700,450800,452400,454400,456300,457500,457900,457500,456500,455400,454700,454900,455700,456500,457400,458000,458400,458800,459300,460200,461100,461900,462500,463100,463500,463700,463800,464300,464800,465200,465200,465100,465200,464500,462600,460600,459000,457000,455400,454300,453600,453300,453700,454300,455600,457100,458500,458700,459000,459900,460800,460800,461600,462100,461000,460000,460500,461500,461800,461900,462300,463300,463700,464000,464200,465600,469000,471400,471400,472300,474600,476200,477300,477600,478200,478900,479500,479400,479300,479900,480800,480800,479400,478000,478200,478400,476900,474700,473500,473900,475100,475500,473700,472300,475300,480600,482800,484800,489200,493900,496000,495900,494600,494800,496600,498700,499500,499900,501400,503700,505700,507600,511000,515700,519600,522900,526400,529000,530400,530900,530200,528500,526900,526600,527400,526800,525200,524500,524500,524300,523300,521600,521500,522100,522800,524800,526700,526800,525700,524700,523700,523200,522300,523200,524600,525600,527800,526300,520700
37,"North Dakota",46,,,,,,,,,,,,,,,,,,,,,,,,,,,,,,,,,,,,,,,,,,,,,,,,,,,,,,,,,,,,,,,,,,,,,,,,,,,,,,,,,,,,,,,,,,,,,,,,,,,,,,,,,,,,,,,,,,,,,,164600,165800,166700,167700,170700,173200,174400,175000,175700,177300,179500,180300,180500,182300,185800,186900,184500,182000,182100,183200,184300,185600,187400,189100,190900,193500,195800,195900,194700,194100,194200,194100,193500,193000,192600,191500,190300,190800,192700,195000,197500,199200,199100,198400,198600,199200,199700,199700,199600,200000,201000,201400,200800,200200,200400,201200,202200,203300,204700,206300,208000,209400,210100,210500,211400,212800,214300,215800,216800,217500,218800,220500,222200,223700,224900,226800,229800,232900,235400,237400,239800,242900,246400,249500,252200,255200,258400,261400,263900,266800,269900,272600,274500,276400,277800,279000,280700,283100,285900,289100,292500,295500,297600,299700,301900,304100,306800,308800,309700,310000,310900,312600,315900,320100,323900,326200,327200,326800,325700,325000,324600,325000,326300,328100,328400,327400,325900,324800,324100,323700,323200,322900,323300,323600,323800,324600,326000,327500,328300,327700,326900,326300,325000,323000,322100,323200,324100,323800,323400,323100,322900,323000,323800,324800,325000,325000,325400
12,"District of Columbia",47,402800,400600,398300,396100,394100,392600,391700,391500,392100,393300,394600,395900,397200,398700,400300,402000,403800,405900,408200,410700,413600,417000,420500,424100,428400,433100,438200,443400,448700,453800,458800,463900,469100,474400,479500,484700,490400,496400,502900,509700,516900,524300,532200,540700,549800,559400,568900,577900,586500,594400,601500,607800,613500,618900,624300,630200,636700,643800,651400,659600,668400,677500,686800,696100,705200,714100,723100,732100,741200,750300,759200,768100,776900,785400,793500,801000,808100,815000,822200,829900,838400,846800,853600,858200,860800,862600,864800,868000,872400,878400,886000,894600,903900,913400,923600,935000,948400,963300,979400,995900,1011500,1025900,1038800,1049600,1058500,1066700,1075700,1086400,1098800,1112100,1126100,1140200,1153400,1165000,1174500,1181800,1186900,1190800,1193800,1196700,1198800,1199400,1198600,1197200,1196100,1195900,1196600,1198500,1203000,1210100,1218500,1226900,1233300,1237100,1239500,1241100,1241100,1239700,1237300,1233700,1228500,1221300,1211700,1200500,1188500,1177000,1167100,1160000,1155000,1150600,1145700,1141200,1138000,1135800,1133800,1131200,1127200,1122300,1118200,1114900,1111700,1108500,1105700,1104300,1104400,1103300,1104900,1106500,1104300,1097500,1091500,1087300,1086300,1085700,1083800,1079200,1073800,1072800,1069000,1059800,1053600,1056600,1061300,1061000,1058200,1057800,1060100,1064700,1069300,1071300,1073000,1079200,1088000,1097500,1105500,1112400,1115900,1119900,1128300,1138600,1145400,1150300,1154900,1161800,1173100,1183700,1190200,1199000,1210300,1217200,1218000,1217100,1215100,1214300,1216400,1222400,1226700,1228600,1230100,1230600,1230200,1231500,1234300,1236400,1242200,1249900,1258300,1265700,1271600,1274200,1279200,1285400,1292200,1298000,1301000,1300900,1300400,1298300,1297300,1302200,1311600,1323000,1333100,1340000,1343900,1350800,1362600,1378300,1395400,1409600,1417500,1417700,1418500,1418400,1415400,1410200,1411900,1410800,1407900,1406200,1404700,1404700,1411900,1418700,1418500,1418900,1423300,1431400,1436000,1439100,1442600,1449300,1456800,1463500
62,"Wyoming",48,166600,166700,166800,166700,166500,166300,165900,165600,165500,165600,165700,165800,165900,166100,166200,166200,166200,166300,166400,166800,167500,168600,170000,171500,173300,175300,177300,179200,180900,182300,183600,184700,185900,187200,188500,189700,191000,192100,192900,193500,193700,193800,193800,193700,193900,194400,195000,195800,196700,197700,198500,199200,199800,200300,200800,201400,202100,203000,204200,205700,207300,208800,210000,210900,211500,211800,211900,212000,212200,212600,213300,214200,215300,216100,216700,216900,216700,216300,215700,215200,215100,215300,215800,216100,216400,216700,217400,218700,220700,223300,226500,230200,234100,237600,240600,243000,244400,245200,245500,245900,246500,247000,247400,247100,245500,242000,236500,229700,223200,218200,215000,213200,212700,213000,213800,214900,216200,217800,220000,222900,226200,229600,232900,235800,238200,240200,241800,243400,245300,247700,250500,253700,257000,259800,262000,263600,264800,265500,266000,266200,266400,266800,267200,267900,268700,269000,269000,268500,267700,266800,265900,265200,264600,264200,263800,263500,263200,262700,262000,261100,260200,259400,258800,258200,257500,256800,256800,257200,257100,257200,257200,257200,257400,257700,257700,257500,257000,256500,256300,256000,255900,256500,257800,259000,259100,258800,258600,258600,258700,259200,260000,260700,261300,262000,262300,262800,263500,264400,265000,265600,266300,267400,268200,268600,269300,269700,269300,269500,270600,271600,272300,273000,274000,274600,275100,275500,275200,274400,274100,274100,274600,275500,276100,276600,277200,277600,277700,278400,279400,280600,282000,283100,283600,283600,283500,283700,284300,284900,285600,286500,287400,288000,288200,288500,288900,289800,291200,291800,291800,291800,292300,292900,293500,293700,293700,294000,294800,295000,295400,296600,297800,298500,298600,298200,299100,301600,304300,305200,304500,304900,307300,309900,312200,314300
